Name,Platz,Strasse
GET UP,1030,951 Lukken Trail
Gymburst,1120,29973 American Street
Fitinn,1230,0 Hanson Point
Golds Gym,1070,863 Sycamore Road
GET UP,1140,38 Gerald Park
FitLine,1040,02060 Hovde Lane
Gymburst,1090,59 Randy Trail
Fun Gym,1210,713 Forest Terrace
GET UP,1080,9897 Tony Alley
Golds Gym,1060,5724 Dexter Plaza
Golds Gym,1210,3169 La Follette Place
FitLine,1040,56 Arizona Court
FitOne,1160,8539 Gale Road
Speedfit,1070,202 Mccormick Pass
Clever Fit,1030,67736 Monica Crossing
FitOne,1100,46719 Annamark Street
Clever Fit,1060,35 Northwestern Crossing
Top Gym,1170,98605 Little Fleur Alley
Fitinn,1020,141 Lakewood Gardens Parkway
Gymburst,1050,5804 Little Fleur Street
Gymburst,1140,51826 Emmet Way
John Harris,1220,773 Morning Avenue
FitOne,1090,27 Sunnyside Crossing
Clever Fit,1040,73407 Bellgrove Circle
GET UP,1070,824 Pierstorff Way
Fitiness Union,1150,19 Buena Vista Street
McFit,1150,31652 Oriole Circle
Mrs. Sporty,1180,39 Meadow Ridge Way
Buzz,1200,19357 Eastlawn Plaza
Buzz,1180,68 Main Terrace
McFit,1030,28283 Mayfield Way
John Harris,1010,7 School Circle
Golds Gym,1130,291 Forest Dale Center
Fun Gym,1150,457 Algoma Hill
CrossFit,1230,86 Petterle Center
GET UP,1220,2 Briar Crest Alley
FitLine,1030,3778 Fremont Parkway
FitOne,1120,72790 American Ash Center
FitOne,1180,238 Mallory Terrace
Golds Gym,1140,29 Parkside Street
Buzz,1090,27 Spaight Road
GET UP,1210,89608 Claremont Parkway
McFit,1140,933 Delaware Lane
Fitinn,1110,70 Jackson Court
Fitiness Union,1170,26803 Maywood Plaza
Fitinn,1210,40 Sullivan Avenue
Golds Gym,1160,56966 Ridgeview Avenue
Fitiness Union,1030,0 Twin Pines Pass
Mrs. Sporty,1120,9 Schiller Alley
McFit,1040,80071 Almo Way
GET UP,1020,07 Schmedeman Terrace
Gymburst,1230,3 Farwell Junction
Fun Gym,1100,48713 Red Cloud Road
Speedfit,1010,84652 Amoth Way
FitOne,1030,8499 Commercial Street
Fun Gym,1060,4624 Crowley Plaza
Buzz,1130,279 Bellgrove Terrace
Buzz,1080,5918 Mayfield Hill
Speedfit,1040,3 Swallow Park
Fitiness Union,1030,5233 Rutledge Drive
McFit,1020,58 Debs Road
John Harris,1200,905 Mayfield Point
Golds Gym,1040,8 Badeau Junction
Fun Gym,1160,43 Caliangt Lane
Clever Fit,1040,5371 Manufacturers Park
Clever Fit,1020,7 Quincy Crossing
Golds Gym,1150,7 Brentwood Way
Clever Fit,1040,94 Chinook Drive
McFit,1050,08 Doe Crossing Lane
Clever Fit,1160,1 Miller Trail
Fitinn,1080,73009 Magdeline Crossing
CrossFit,1090,4 Rowland Crossing
GET UP,1060,9 Merry Place
Fitinn,1080,445 Debs Pass
McFit,1100,57 Clove Park
FitLine,1140,35 Scofield Junction
Top Gym,1090,78 Shoshone Junction
FitLine,1080,49181 2nd Lane
Fitinn,1220,828 Glendale Center
Buzz,1160,863 Brentwood Plaza
Fun Gym,1050,40 Fordem Junction
CrossFit,1090,7 Susan Point
Fun Gym,1110,07283 Oakridge Road
Clever Fit,1020,40 Portage Avenue
Fun Gym,1070,4 Carberry Terrace
Fitinn,1140,3960 Crest Line Alley
Fitiness Union,1200,45 Dunning Lane
Top Gym,1200,399 Ilene Lane
Fitiness Union,1110,015 East Way
John Harris,1190,33236 Buena Vista Court
Clever Fit,1150,72 Lerdahl Pass
Buzz,1230,23 Haas Alley
Clever Fit,1070,9587 Dennis Circle
FitOne,1100,646 Stoughton Lane
FitOne,1050,34 Darwin Alley
CrossFit,1150,2980 4th Junction
Buzz,1090,11167 Hansons Circle
Top Gym,1070,5 Boyd Court
FitOne,1150,038 Declaration Trail
Clever Fit,1090,11866 Burning Wood Place
