SprichtEnglisch,Arbeitszeiten
N,Teilzeit
J,Teilzeit
J,Vollzeit
N,Teilzeit
J,Teilzeit
N,Vollzeit
N,Teilzeit
N,Vollzeit
J,Teilzeit
N,Vollzeit
J,Vollzeit
J,Teilzeit
J,Teilzeit
N,Teilzeit
J,Teilzeit
J,Vollzeit
J,Teilzeit
N,Teilzeit
J,Teilzeit
J,Teilzeit
N,Teilzeit
N,Vollzeit
N,Teilzeit
J,Teilzeit
N,Vollzeit
N,Vollzeit
N,Vollzeit
N,Vollzeit
J,Teilzeit
J,Teilzeit
J,Vollzeit
J,Teilzeit
N,Teilzeit
J,Vollzeit
N,Vollzeit
J,Vollzeit
J,Vollzeit
N,Vollzeit
J,Vollzeit
J,Teilzeit
N,Teilzeit
J,Teilzeit
N,Vollzeit
N,Teilzeit
J,Teilzeit
J,Teilzeit
N,Vollzeit
J,Vollzeit
J,Teilzeit
J,Teilzeit
J,Teilzeit
J,Teilzeit
J,Teilzeit
N,Teilzeit
N,Vollzeit
N,Teilzeit
N,Vollzeit
N,Teilzeit
N,Teilzeit
N,Teilzeit
J,Teilzeit
N,Teilzeit
N,Vollzeit
N,Teilzeit
N,Teilzeit
N,Vollzeit
J,Vollzeit
J,Vollzeit
N,Teilzeit
J,Teilzeit
N,Vollzeit
N,Teilzeit
J,Teilzeit
N,Teilzeit
N,Teilzeit
J,Teilzeit
J,Teilzeit
N,Vollzeit
N,Teilzeit
J,Teilzeit
J,Vollzeit
N,Vollzeit
N,Teilzeit
N,Vollzeit
N,Teilzeit
J,Vollzeit
N,Teilzeit
N,Vollzeit
J,Vollzeit
J,Teilzeit
N,Teilzeit
J,Vollzeit
J,Vollzeit
N,Teilzeit
N,Teilzeit
N,Vollzeit
N,Vollzeit
N,Teilzeit
J,Teilzeit
J,Teilzeit
N,Teilzeit
J,Vollzeit
N,Teilzeit
N,Vollzeit
J,Vollzeit
J,Teilzeit
N,Teilzeit
J,Teilzeit
J,Teilzeit
N,Teilzeit
J,Teilzeit
J,Teilzeit
N,Vollzeit
J,Teilzeit
N,Vollzeit
J,Vollzeit
J,Vollzeit
N,Vollzeit
J,Vollzeit
J,Vollzeit
N,Vollzeit
N,Vollzeit
N,Vollzeit
J,Teilzeit
N,Teilzeit
N,Teilzeit
J,Vollzeit
N,Vollzeit
J,Vollzeit
N,Teilzeit
N,Vollzeit
J,Teilzeit
N,Vollzeit
N,Vollzeit
N,Vollzeit
J,Teilzeit
J,Teilzeit
J,Vollzeit
J,Vollzeit
J,Teilzeit
J,Vollzeit
J,Vollzeit
J,Teilzeit
N,Teilzeit
J,Vollzeit
N,Vollzeit
N,Vollzeit
J,Teilzeit
J,Vollzeit
N,Teilzeit
J,Vollzeit
N,Teilzeit
J,Teilzeit
N,Vollzeit
J,Vollzeit
J,Vollzeit
J,Teilzeit
J,Teilzeit
N,Teilzeit
J,Vollzeit
J,Teilzeit
N,Teilzeit
J,Teilzeit
N,Vollzeit
N,Teilzeit
N,Vollzeit
J,Teilzeit
J,Teilzeit
N,Vollzeit
N,Vollzeit
N,Vollzeit
J,Teilzeit
N,Vollzeit
J,Teilzeit
N,Teilzeit
N,Vollzeit
J,Teilzeit
N,Teilzeit
J,Vollzeit
J,Vollzeit
J,Teilzeit
N,Vollzeit
N,Teilzeit
N,Teilzeit
N,Teilzeit
J,Teilzeit
J,Vollzeit
J,Teilzeit
J,Teilzeit
N,Vollzeit
J,Teilzeit
N,Teilzeit
N,Vollzeit
J,Vollzeit
N,Vollzeit
J,Vollzeit
J,Vollzeit
N,Teilzeit
N,Vollzeit
J,Vollzeit
N,Vollzeit
N,Teilzeit
J,Teilzeit
J,Vollzeit
N,Vollzeit
N,Teilzeit
J,Vollzeit
N,Teilzeit
J,Teilzeit
N,Vollzeit
J,Vollzeit
J,Teilzeit
J,Teilzeit
J,Teilzeit
N,Vollzeit
J,Vollzeit
N,Teilzeit
N,Vollzeit
N,Teilzeit
N,Vollzeit
J,Teilzeit
J,Teilzeit
N,Vollzeit
J,Vollzeit
J,Vollzeit
N,Vollzeit
J,Vollzeit
J,Teilzeit
J,Teilzeit
J,Teilzeit
N,Teilzeit
J,Teilzeit
N,Vollzeit
N,Vollzeit
J,Teilzeit
N,Teilzeit
J,Teilzeit
J,Teilzeit
J,Teilzeit
J,Teilzeit
J,Vollzeit
N,Teilzeit
J,Teilzeit
N,Vollzeit
N,Teilzeit
N,Teilzeit
J,Teilzeit
J,Vollzeit
J,Teilzeit
N,Vollzeit
N,Vollzeit
N,Teilzeit
N,Vollzeit
J,Vollzeit
N,Vollzeit
J,Teilzeit
N,Vollzeit
J,Vollzeit
N,Vollzeit
J,Teilzeit
N,Vollzeit
N,Vollzeit
J,Teilzeit
J,Teilzeit
J,Teilzeit
N,Vollzeit
N,Vollzeit
N,Teilzeit
N,Teilzeit
N,Teilzeit
J,Vollzeit
J,Teilzeit
N,Vollzeit
J,Vollzeit
J,Teilzeit
N,Teilzeit
N,Vollzeit
N,Teilzeit
J,Vollzeit
N,Vollzeit
N,Vollzeit
N,Teilzeit
J,Teilzeit
N,Vollzeit
J,Vollzeit
N,Teilzeit
N,Vollzeit
N,Vollzeit
J,Vollzeit
N,Vollzeit
J,Teilzeit
N,Vollzeit
J,Vollzeit
N,Vollzeit
N,Teilzeit
N,Teilzeit
N,Teilzeit
J,Vollzeit
J,Vollzeit
N,Vollzeit
N,Vollzeit
J,Vollzeit
J,Vollzeit
J,Teilzeit
N,Teilzeit
N,Teilzeit
J,Vollzeit
J,Teilzeit
N,Vollzeit
N,Vollzeit
J,Teilzeit
N,Vollzeit
N,Vollzeit
N,Vollzeit
N,Teilzeit
N,Teilzeit
N,Teilzeit
N,Vollzeit
N,Teilzeit
N,Vollzeit
J,Teilzeit
N,Teilzeit
J,Vollzeit
N,Vollzeit
J,Vollzeit
N,Vollzeit
N,Teilzeit
J,Vollzeit
N,Vollzeit
J,Teilzeit
J,Vollzeit
J,Teilzeit
N,Vollzeit
N,Vollzeit
N,Vollzeit
J,Teilzeit
J,Vollzeit
J,Vollzeit
J,Teilzeit
N,Teilzeit
J,Vollzeit
N,Vollzeit
N,Vollzeit
N,Teilzeit
J,Teilzeit
N,Vollzeit
J,Teilzeit
N,Vollzeit
N,Teilzeit
J,Vollzeit
J,Vollzeit
N,Teilzeit
J,Teilzeit
J,Teilzeit
J,Vollzeit
N,Vollzeit
N,Teilzeit
N,Teilzeit
J,Teilzeit
J,Vollzeit
N,Vollzeit
J,Vollzeit
J,Teilzeit
J,Vollzeit
J,Vollzeit
J,Vollzeit
N,Teilzeit
N,Teilzeit
J,Teilzeit
J,Vollzeit
J,Vollzeit
N,Vollzeit
N,Vollzeit
J,Teilzeit
N,Teilzeit
J,Vollzeit
N,Vollzeit
J,Teilzeit
N,Vollzeit
N,Teilzeit
N,Teilzeit
N,Vollzeit
N,Vollzeit
N,Teilzeit
N,Teilzeit
N,Vollzeit
N,Vollzeit
J,Vollzeit
J,Teilzeit
N,Teilzeit
N,Vollzeit
J,Teilzeit
J,Vollzeit
N,Vollzeit
J,Vollzeit
J,Teilzeit
J,Teilzeit
J,Vollzeit
J,Vollzeit
N,Teilzeit
