Gender,Specialty
Female,Senior Fitness
Female,Cardiovascular Training
Male,Muskelaufbau
Male,Senior Fitness
Male,Rehabilitationstraining
Female,Gruppenfitness
Male,Senior Fitness
Female,Senior Fitness
Male,Muskelaufbau
Male,Gruppenfitness
Female,Cardiovascular Training
Male,Muskelaufbau
Male,Flexibilität und Mobilität
Female,Flexibilität und Mobilität
Male,Flexibilität und Mobilität
Male,Funktionelles Training
Male,Rehabilitationstraining
Male,Rehabilitationstraining
Male,Muskelaufbau
Male,Muskelaufbau
Female,Cardiovascular Training
Female,Senior Fitness
Female,Flexibilität und Mobilität
Female,Gruppenfitness
Female,Gruppenfitness
Male,Flexibilität und Mobilität
Male,Senior Fitness
Female,Gruppenfitness
Male,Muskelaufbau
Female,Rehabilitationstraining
Male,Gruppenfitness
Female,Cardiovascular Training
Female,Muskelaufbau
Male,Flexibilität und Mobilität
Female,Cardiovascular Training
Female,Gruppenfitness
Male,Rehabilitationstraining
Female,Cardiovascular Training
Male,Rehabilitationstraining
Male,Gewichtsmanagement
Female,Muskelaufbau
Female,Gewichtsmanagement
Male,Funktionelles Training
Female,Cardiovascular Training
Male,Cardiovascular Training
Female,Flexibilität und Mobilität
Male,Flexibilität und Mobilität
Female,Gruppenfitness
Female,Senior Fitness
Female,Muskelaufbau
Male,Funktionelles Training
Female,Muskelaufbau
Male,Cardiovascular Training
Male,Senior Fitness
Male,Rehabilitationstraining
Male,Gewichtsmanagement
Male,Cardiovascular Training
Female,Flexibilität und Mobilität
Female,Gewichtsmanagement
Male,Flexibilität und Mobilität
Male,Rehabilitationstraining
Male,Gruppenfitness
Male,Gewichtsmanagement
Female,Rehabilitationstraining
Male,Cardiovascular Training
Male,Gruppenfitness
Female,Senior Fitness
Female,Cardiovascular Training
Male,Cardiovascular Training
Female,Funktionelles Training
Female,Senior Fitness
Male,Gruppenfitness
Female,Gewichtsmanagement
Female,Gruppenfitness
Male,Cardiovascular Training
Female,Gruppenfitness
Female,Senior Fitness
Female,Rehabilitationstraining
Male,Muskelaufbau
Male,Rehabilitationstraining
Male,Rehabilitationstraining
Male,Flexibilität und Mobilität
Female,Gewichtsmanagement
Male,Muskelaufbau
Male,Muskelaufbau
Female,Muskelaufbau
Female,Rehabilitationstraining
Male,Funktionelles Training
Female,Gruppenfitness
Male,Senior Fitness
Male,Cardiovascular Training
Male,Cardiovascular Training
Male,Gewichtsmanagement
Male,Funktionelles Training
Female,Gruppenfitness
Male,Funktionelles Training
Male,Rehabilitationstraining
Male,Flexibilität und Mobilität
Female,Funktionelles Training
Male,Cardiovascular Training
Female,Cardiovascular Training
Female,Rehabilitationstraining
Male,Flexibilität und Mobilität
Female,Funktionelles Training
Female,Gruppenfitness
Female,Funktionelles Training
Female,Gewichtsmanagement
Male,Cardiovascular Training
Female,Muskelaufbau
Male,Rehabilitationstraining
Female,Rehabilitationstraining
Male,Gruppenfitness
Male,Flexibilität und Mobilität
Male,Gewichtsmanagement
Female,Gewichtsmanagement
Male,Rehabilitationstraining
Female,Cardiovascular Training
Male,Flexibilität und Mobilität
Female,Flexibilität und Mobilität
Male,Gruppenfitness
Male,Flexibilität und Mobilität
Male,Funktionelles Training
Male,Rehabilitationstraining
Female,Gruppenfitness
Male,Gewichtsmanagement
Female,Flexibilität und Mobilität
Female,Flexibilität und Mobilität
Male,Rehabilitationstraining
Male,Gewichtsmanagement
Male,Cardiovascular Training
Male,Flexibilität und Mobilität
Female,Funktionelles Training
Female,Rehabilitationstraining
Male,Cardiovascular Training
Female,Muskelaufbau
Female,Gewichtsmanagement
Female,Gewichtsmanagement
Female,Flexibilität und Mobilität
Female,Senior Fitness
Female,Funktionelles Training
Female,Gruppenfitness
Male,Rehabilitationstraining
Female,Flexibilität und Mobilität
Male,Rehabilitationstraining
Female,Senior Fitness
Male,Funktionelles Training
Male,Flexibilität und Mobilität
Male,Gruppenfitness
Female,Gewichtsmanagement
Female,Cardiovascular Training
Male,Flexibilität und Mobilität
Male,Rehabilitationstraining
Male,Cardiovascular Training
Female,Cardiovascular Training
Female,Flexibilität und Mobilität
Male,Funktionelles Training
Female,Senior Fitness
Female,Funktionelles Training
Male,Senior Fitness
Male,Flexibilität und Mobilität
Female,Gruppenfitness
Female,Flexibilität und Mobilität
Male,Gruppenfitness
Female,Gruppenfitness
Male,Flexibilität und Mobilität
Female,Senior Fitness
Male,Cardiovascular Training
Female,Cardiovascular Training
Female,Muskelaufbau
Male,Senior Fitness
Male,Muskelaufbau
Female,Rehabilitationstraining
Female,Flexibilität und Mobilität
Female,Rehabilitationstraining
Female,Cardiovascular Training
Male,Flexibilität und Mobilität
Male,Senior Fitness
Male,Gewichtsmanagement
Female,Muskelaufbau
Female,Senior Fitness
Male,Muskelaufbau
Male,Flexibilität und Mobilität
Female,Gruppenfitness
Female,Gewichtsmanagement
Female,Muskelaufbau
Male,Muskelaufbau
Male,Senior Fitness
Female,Muskelaufbau
Male,Rehabilitationstraining
Female,Gruppenfitness
Female,Rehabilitationstraining
Male,Senior Fitness
Female,Cardiovascular Training
Male,Senior Fitness
Female,Gruppenfitness
Female,Gruppenfitness
Male,Cardiovascular Training
Female,Rehabilitationstraining
Female,Gewichtsmanagement
Male,Muskelaufbau
Male,Cardiovascular Training
Male,Gewichtsmanagement
Female,Funktionelles Training
Female,Funktionelles Training
Male,Rehabilitationstraining
Male,Gewichtsmanagement
Female,Flexibilität und Mobilität
Male,Senior Fitness
Male,Gruppenfitness
Male,Rehabilitationstraining
Male,Gruppenfitness
Female,Senior Fitness
Male,Flexibilität und Mobilität
Male,Flexibilität und Mobilität
Male,Senior Fitness
Male,Flexibilität und Mobilität
Female,Rehabilitationstraining
Female,Rehabilitationstraining
Female,Muskelaufbau
Male,Rehabilitationstraining
Female,Gewichtsmanagement
Male,Flexibilität und Mobilität
Male,Funktionelles Training
Female,Muskelaufbau
Female,Funktionelles Training
Female,Gewichtsmanagement
Male,Gewichtsmanagement
Female,Senior Fitness
Female,Gruppenfitness
Male,Flexibilität und Mobilität
Female,Rehabilitationstraining
Male,Funktionelles Training
Female,Gewichtsmanagement
Male,Rehabilitationstraining
Female,Rehabilitationstraining
Male,Funktionelles Training
Male,Cardiovascular Training
Male,Muskelaufbau
Female,Funktionelles Training
Male,Flexibilität und Mobilität
Female,Senior Fitness
Female,Gruppenfitness
Male,Muskelaufbau
Female,Flexibilität und Mobilität
Male,Funktionelles Training
Male,Flexibilität und Mobilität
Male,Gruppenfitness
Male,Senior Fitness
Female,Flexibilität und Mobilität
Female,Muskelaufbau
Male,Senior Fitness
Male,Rehabilitationstraining
Male,Rehabilitationstraining
Male,Muskelaufbau
Female,Gewichtsmanagement
Female,Rehabilitationstraining
Female,Cardiovascular Training
Male,Cardiovascular Training
Male,Rehabilitationstraining
Female,Gewichtsmanagement
Male,Funktionelles Training
Male,Flexibilität und Mobilität
Male,Funktionelles Training
Female,Senior Fitness
Female,Cardiovascular Training
Male,Rehabilitationstraining
Female,Cardiovascular Training
Female,Rehabilitationstraining
Female,Rehabilitationstraining
Male,Senior Fitness
Male,Rehabilitationstraining
Male,Cardiovascular Training
Female,Muskelaufbau
Male,Funktionelles Training
Female,Senior Fitness
Female,Cardiovascular Training
Female,Funktionelles Training
Male,Cardiovascular Training
Male,Muskelaufbau
Female,Gewichtsmanagement
Female,Funktionelles Training
Male,Rehabilitationstraining
Male,Gewichtsmanagement
Male,Rehabilitationstraining
Male,Gewichtsmanagement
Female,Senior Fitness
Female,Senior Fitness
Female,Muskelaufbau
Male,Flexibilität und Mobilität
Female,Senior Fitness
Female,Gruppenfitness
Female,Cardiovascular Training
Female,Gewichtsmanagement
Male,Funktionelles Training
Female,Gruppenfitness
Male,Gruppenfitness
Male,Gruppenfitness
Male,Muskelaufbau
Female,Senior Fitness
Male,Senior Fitness
Male,Cardiovascular Training
Male,Cardiovascular Training
Male,Senior Fitness
Female,Muskelaufbau
Female,Gewichtsmanagement
Male,Flexibilität und Mobilität
Female,Muskelaufbau
Male,Funktionelles Training
Male,Gruppenfitness
Male,Senior Fitness
Male,Funktionelles Training
Female,Flexibilität und Mobilität
Female,Funktionelles Training
Female,Flexibilität und Mobilität
Male,Flexibilität und Mobilität
Female,Gruppenfitness
Male,Senior Fitness
Female,Rehabilitationstraining
Female,Muskelaufbau
Female,Funktionelles Training
Male,Rehabilitationstraining
Male,Gruppenfitness
Female,Funktionelles Training
Female,Muskelaufbau
Female,Muskelaufbau
Male,Gewichtsmanagement
Female,Muskelaufbau
Male,Gewichtsmanagement
Male,Gruppenfitness
Male,Gewichtsmanagement
Female,Rehabilitationstraining
Female,Funktionelles Training
Male,Muskelaufbau
Male,Cardiovascular Training
Male,Muskelaufbau
Male,Senior Fitness
Male,Muskelaufbau
Female,Muskelaufbau
Female,Funktionelles Training
Female,Muskelaufbau
Male,Muskelaufbau
Male,Funktionelles Training
Male,Muskelaufbau
Male,Muskelaufbau
Male,Senior Fitness
Male,Senior Fitness
Female,Cardiovascular Training
Male,Cardiovascular Training
Female,Cardiovascular Training
Female,Gruppenfitness
Female,Senior Fitness
Female,Gewichtsmanagement
Female,Flexibilität und Mobilität
Female,Cardiovascular Training
Female,Funktionelles Training
Male,Gruppenfitness
Female,Flexibilität und Mobilität
Female,Flexibilität und Mobilität
Male,Gewichtsmanagement
Female,Funktionelles Training
Female,Cardiovascular Training
Male,Gruppenfitness
Male,Senior Fitness
Male,Muskelaufbau
Male,Rehabilitationstraining
Male,Cardiovascular Training
Female,Gruppenfitness
Male,Senior Fitness
Male,Gruppenfitness
Female,Gruppenfitness
Male,Rehabilitationstraining
Female,Gruppenfitness
Female,Gruppenfitness
Female,Flexibilität und Mobilität
Female,Cardiovascular Training
Male,Senior Fitness
Male,Cardiovascular Training
Female,Gewichtsmanagement
Female,Flexibilität und Mobilität
Male,Muskelaufbau
Male,Rehabilitationstraining
Female,Gewichtsmanagement
Male,Gruppenfitness
Male,Gruppenfitness
Female,Cardiovascular Training
Female,Gruppenfitness
Female,Gruppenfitness
Female,Gruppenfitness
Female,Flexibilität und Mobilität
Female,Flexibilität und Mobilität
Male,Gewichtsmanagement
Male,Cardiovascular Training
Female,Funktionelles Training
Male,Funktionelles Training
Female,Gewichtsmanagement
Female,Gewichtsmanagement
Female,Senior Fitness
Female,Muskelaufbau
Male,Cardiovascular Training
Female,Gruppenfitness
Male,Funktionelles Training
Male,Gruppenfitness
Female,Gruppenfitness
Male,Senior Fitness
Female,Muskelaufbau
Female,Senior Fitness
Female,Flexibilität und Mobilität
Female,Funktionelles Training
Female,Muskelaufbau
Female,Flexibilität und Mobilität
Female,Rehabilitationstraining
Male,Gruppenfitness
Male,Cardiovascular Training
Female,Cardiovascular Training
Male,Muskelaufbau
Female,Gewichtsmanagement
Male,Senior Fitness
Female,Rehabilitationstraining
Female,Senior Fitness
Female,Flexibilität und Mobilität
Male,Flexibilität und Mobilität
Female,Muskelaufbau
Male,Gruppenfitness
Male,Funktionelles Training
Male,Rehabilitationstraining
Female,Flexibilität und Mobilität
Male,Gewichtsmanagement
Male,Flexibilität und Mobilität
Female,Gruppenfitness
Female,Funktionelles Training
Female,Flexibilität und Mobilität
Female,Funktionelles Training
Male,Gewichtsmanagement
Male,Gewichtsmanagement
Female,Gruppenfitness
Male,Muskelaufbau
Male,Flexibilität und Mobilität
Female,Rehabilitationstraining
Male,Gruppenfitness
Male,Muskelaufbau
Female,Gruppenfitness
Male,Gewichtsmanagement
Female,Gruppenfitness
Female,Funktionelles Training
Female,Muskelaufbau
Female,Senior Fitness
Female,Cardiovascular Training
Female,Gewichtsmanagement
Female,Gewichtsmanagement
Female,Gewichtsmanagement
Female,Rehabilitationstraining
Female,Funktionelles Training
Male,Gewichtsmanagement
Male,Funktionelles Training
Male,Gewichtsmanagement
Female,Flexibilität und Mobilität
Female,Funktionelles Training
Female,Funktionelles Training
Male,Senior Fitness
Female,Funktionelles Training
Female,Rehabilitationstraining
Female,Flexibilität und Mobilität
Female,Cardiovascular Training
Female,Cardiovascular Training
Female,Gewichtsmanagement
Male,Senior Fitness
Male,Cardiovascular Training
Female,Senior Fitness
Male,Muskelaufbau
Female,Gewichtsmanagement
Male,Gruppenfitness
Female,Flexibilität und Mobilität
Male,Flexibilität und Mobilität
Male,Muskelaufbau
Female,Gewichtsmanagement
Male,Senior Fitness
Male,Muskelaufbau
Female,Gruppenfitness
Female,Senior Fitness
Male,Flexibilität und Mobilität
Female,Rehabilitationstraining
Female,Gewichtsmanagement
Female,Rehabilitationstraining
Male,Flexibilität und Mobilität
Female,Gewichtsmanagement
Female,Flexibilität und Mobilität
Male,Muskelaufbau
Male,Senior Fitness
Female,Muskelaufbau
Male,Gewichtsmanagement
Female,Gewichtsmanagement
Female,Cardiovascular Training
Male,Rehabilitationstraining
Female,Senior Fitness
Female,Gruppenfitness
Male,Funktionelles Training
Female,Funktionelles Training
Male,Senior Fitness
Female,Senior Fitness
Female,Funktionelles Training
